time,sensor1,sensor2,sensor3,sensor4,true
1679665143,117.342072,117.3421,117.342103,117.342116,117.3420481
1679665144,117.342078,117.342105,117.342112,117.342126,117.3420585
1679665145,117.342084,117.342107,117.342118,117.342134,117.342069
1679665146,117.34209,117.342112,117.342125,117.342143,117.3420794
1679665147,117.342094,117.342115,117.34213,117.342151,117.3420899
1679665148,117.342101,117.342122,117.342135,117.342163,117.3421003
1679665149,117.342109,117.342127,117.342142,117.342174,117.3421108
1679665150,117.342116,117.342133,117.342152,117.342183,117.3421212
1679665151,117.342123,117.342138,117.34216,117.342192,117.3421317
1679665152,117.342129,117.342147,117.342167,117.342202,117.3421421
1679665153,117.342137,117.342143,117.342175,117.342209,117.3421526
1679665154,117.342145,117.342148,117.34218,117.342218,117.342163
1679665156,117.342154,117.342157,117.3422,117.342238,117.3421839
1679665157,117.342173,117.342165,117.34221,117.342248,117.3421944
1679665158,117.342183,117.342172,117.34222,117.342256,117.3422048
1679665159,117.342193,117.342172,117.342229,117.342266,117.3422153
1679665160,117.342204,117.342167,117.342237,117.342275,117.3422257
1679665161,117.342214,117.34217,117.34224,117.342284,117.3422361
1679665162,117.342225,117.342173,117.342245,117.342294,117.3422466
1679665163,117.342232,117.342178,117.342254,117.342303,117.342257
1679665164,117.342238,117.342183,117.34226,117.342311,117.3422675
1679665165,117.342247,117.34219,117.342267,117.342324,117.3422779
1679665166,117.342258,117.342194,117.34228,117.342339,117.3422884
1679665167,117.342267,117.342207,117.342292,117.342351,117.3422988
1679665168,117.342274,117.342212,117.342297,117.342358,117.3423093
1679665169,117.342283,117.342212,117.342307,117.342365,117.3423197
1679665170,117.342295,117.342217,117.342316,117.342373,117.3423302
1679665171,117.342304,117.342219,117.342322,117.342381,117.3423406
1679665172,117.342311,117.342225,117.342332,117.342389,117.3423511
1679665174,117.342316,117.342237,117.342354,117.342404,117.342372
1679665175,117.342333,117.342242,117.342364,117.342411,117.3423824
1679665176,117.342339,117.34225,117.342372,117.342419,117.3423929
1679665177,117.342344,117.342259,117.342382,117.342428,117.3424033
1679665178,117.34235,117.342262,117.342391,117.342434,117.3424138
1679665179,117.342358,117.342265,117.342399,117.342444,117.3424242
1679665180,117.34237,117.342265,117.342411,117.342452,117.3424347
1679665181,117.342377,117.342274,117.342421,117.342462,117.3424451
1679665182,117.342384,117.342277,117.342431,117.342472,117.3424556
1679665183,117.342392,117.342282,117.342438,117.342481,117.342466
1679665184,117.3424,117.342287,117.342446,117.342488,117.3424765
1679665185,117.342407,117.342295,117.342453,117.342495,117.3424869
1679665186,117.342416,117.342301,117.342461,117.342503,117.3424974
1679665187,117.342425,117.342306,117.342467,117.34251,117.3425078
1679665188,117.342433,117.342317,117.342474,117.342516,117.3425183
1679665189,117.342441,117.342322,117.342481,117.342523,117.3425287
1679665190,117.342449,117.342327,117.342491,117.34253,117.3425392
1679665192,117.342457,117.342339,117.342508,117.342546,117.3425601
1679665193,117.342474,117.342351,117.342514,117.342553,117.3425705
1679665194,117.342482,117.342359,117.342521,117.342559,117.3425809
1679665195,117.342491,117.342369,117.342531,117.342566,117.3425914
1679665196,117.342501,117.342375,117.342541,117.342574,117.3426018
1679665197,117.342511,117.342384,117.342549,117.342581,117.3426123
1679665198,117.342523,117.342393,117.342559,117.34259,117.3426227
1679665199,117.342534,117.342396,117.342569,117.342598,117.3426332
1679665200,117.342541,117.342407,117.342579,117.342607,117.3426436
1679665201,117.342545,117.342414,117.342588,117.342616,117.3426541
1679665202,117.342552,117.342416,117.342595,117.342625,117.3426645
1679665203,117.342559,117.342419,117.342598,117.342634,117.342675
1679665204,117.342104,117.342229,117.341228,117.342744,117.3426854
1679665205,117.342571,117.342441,117.342618,117.342653,117.3426959
1679665206,117.342578,117.342454,117.342625,117.342662,117.3427063
1679665207,117.342589,117.342466,117.342636,117.342673,117.3427168
1679665208,117.342603,117.342471,117.342643,117.342686,117.3427272
1679665210,117.342616,117.342491,117.342665,117.342703,117.3427481
1679665211,117.342639,117.342495,117.342673,117.342714,117.3427586
1679665212,117.342651,117.342501,117.342681,117.342724,117.342769
1679665213,117.342664,117.342511,117.342695,117.342734,117.3427795
1679665214,117.342674,117.34252,117.342707,117.342744,117.3427899
1679665215,117.342685,117.342531,117.342717,117.342752,117.3428004
1679665216,117.342698,117.342543,117.342727,117.342763,117.3428108
1679665217,117.342712,117.342555,117.342738,117.342774,117.3428213
1679665218,117.342724,117.342566,117.34275,117.342783,117.3428317
1679665219,117.342735,117.342581,117.34276,117.342792,117.3428422
1679665220,117.342745,117.342593,117.342767,117.342802,117.3428526
1679665221,117.342756,117.342605,117.342777,117.342811,117.3428631
1679665222,117.342765,117.342616,117.342785,117.342821,117.3428735
1679665223,117.342775,117.342626,117.342794,117.34283,117.342884
1679665224,117.342785,117.342638,117.342799,117.34284,117.3428944
1679665225,117.342795,117.34265,117.342805,117.34285,117.3429049
1679665226,117.342803,117.342663,117.342817,117.34286,117.3429153
1679665228,117.342808,117.34269,117.342837,117.34288,117.3429362
1679665229,117.342826,117.3427,117.342845,117.342888,117.3429466
1679665231,117.342847,117.342723,117.342867,117.342907,117.3429675
1679665233,117.342861,117.342747,117.342892,117.342928,117.3429884
1679665235,117.342878,117.342772,117.342909,117.342936,117.3430093
1679665260,117.343108,117.343056,117.343143,117.343177,117.3432706
1679665260,117.343108,117.343056,117.343143,117.343197,117.3432706
1679665261,117.343117,117.343066,117.343151,117.343208,117.343281
1679665262,117.343124,117.343078,117.343158,117.343197,117.3432915
1679665264,117.343131,117.343088,117.343174,117.343212,117.3433123
1679665265,117.343143,117.343103,117.343184,117.343219,117.3433228
1679665266,117.343151,117.343116,117.343196,117.343226,117.3433332
1679665267,117.343159,117.343119,117.343203,117.343236,117.3433437
1679665268,117.343168,117.343131,117.343211,117.343246,117.3433541
1679665269,117.343178,117.343146,117.343218,117.343257,117.3433646
1679665270,117.343187,117.343158,117.343226,117.34327,117.343375
1679665271,117.343196,117.343173,117.343236,117.343285,117.3433855
1679665272,117.343207,117.343186,117.343246,117.343297,117.3433959
1679665273,117.343219,117.343195,117.343258,117.343309,117.3434064
1679665274,117.343231,117.343193,117.343266,117.34332,117.3434168
1679665275,117.343242,117.3432,117.343275,117.34333,117.3434273
1679665276,117.343252,117.343208,117.343286,117.343341,117.3434377
1679665277,117.343262,117.343216,117.343295,117.343352,117.3434482
1679665278,117.343276,117.343223,117.343302,117.34336,117.3434586
1679665279,117.343287,117.343238,117.343308,117.343368,117.3434691
1679665280,117.343297,117.343246,117.34332,117.343376,117.3434795
1679665282,117.343306,117.343265,117.343343,117.343397,117.3435004
1679665283,117.343328,117.343276,117.343353,117.343407,117.3435109
1679665284,117.343339,117.343281,117.343365,117.343419,117.3435213
1679665285,117.34335,117.343285,117.343375,117.343433,117.3435318
1679665286,117.343359,117.3433,117.343383,117.343446,117.3435422
1679665287,117.34337,117.343315,117.343394,117.343461,117.3435527
1679665288,117.343382,117.343328,117.343405,117.343472,117.3435631
1679665289,117.343395,117.34334,117.343414,117.343484,117.3435736
1679665290,117.343407,117.343352,117.343424,117.343492,117.343584
1679665291,117.343417,117.34337,117.343429,117.343503,117.3435945
1679665292,117.343428,117.343373,117.34344,117.343515,117.3436049
1679665293,117.34344,117.343387,117.343452,117.343526,117.3436154
1679665294,117.343453,117.34339,117.343467,117.343538,117.3436258
1679665295,117.343465,117.343404,117.343475,117.343549,117.3436363
1679665296,117.343476,117.343408,117.343484,117.343558,117.3436467
1679665297,117.34349,117.343415,117.343494,117.343567,117.3436572
1679665298,117.3435,117.343424,117.343502,117.343575,117.3436676
1679665300,117.343507,117.343437,117.343522,117.343602,117.3436885
1679665301,117.343528,117.34344,117.343531,117.343614,117.3436989
1679665302,117.343538,117.343449,117.343541,117.343625,117.3437094
1679665303,117.343548,117.343455,117.343549,117.343628,117.3437198
1679665304,117.343559,117.343467,117.34356,117.343635,117.3437303
1679665305,117.343573,117.343477,117.34357,117.343649,117.3437407
1679665306,117.343586,117.343488,117.343584,117.343659,117.3437512
1679665307,117.343598,117.343499,117.343591,117.34367,117.3437616
1679665308,117.34361,117.343507,117.343602,117.343675,117.3437721
1679665309,117.343621,117.343519,117.343612,117.343681,117.3437825
1679665310,117.343632,117.343527,117.343616,117.343688,117.343793
1679665311,117.343644,117.343537,117.343621,117.343697,117.3438034
1679665312,117.343657,117.343551,117.343631,117.343706,117.3438139
1679665313,117.343667,117.343564,117.343641,117.343713,117.3438243
1679665314,117.343678,117.343576,117.343647,117.343721,117.3438348
1679665315,117.343688,117.343587,117.343656,117.343733,117.3438452
1679665316,117.343701,117.343606,117.343669,117.343747,117.3438557
1679665318,117.343713,117.343633,117.343687,117.343769,117.3438766
1679665319,117.343736,117.343644,117.343698,117.343775,117.343887
1679665320,117.343746,117.343652,117.343709,117.343781,117.3438975
1679665321,117.343759,117.343664,117.343719,117.343792,117.3439079
1679665322,117.343772,117.343672,117.343731,117.343803,117.3439184
1679665323,117.343786,117.343679,117.343739,117.343813,117.3439288
1679665324,117.3438,117.343691,117.343748,117.343826,117.3439393
1679665325,117.343813,117.343701,117.343758,117.343841,117.3439497
1679665326,117.343824,117.343711,117.343768,117.343857,117.3439602
1679665327,117.343832,117.343724,117.343776,117.34387,117.3439706
1679665328,117.343844,117.343738,117.343789,117.343882,117.3439811
1679665329,117.343856,117.343746,117.343798,117.343894,117.3439915
1679665330,117.343868,117.343759,117.343806,117.343905,117.344002
1679665331,117.343876,117.343764,117.343816,117.343914,117.3440124
1679665332,117.343885,117.343778,117.343831,117.343923,117.3440228
1679665333,117.343896,117.343789,117.34384,117.343931,117.3440333
1679665334,117.343907,117.343803,117.34385,117.343939,117.3440437
1679665336,117.343918,117.343828,117.343876,117.343961,117.3440646
1679665337,117.343943,117.343836,117.343886,117.343971,117.3440751
1679665338,117.343955,117.343845,117.3439,117.343983,117.3440855
1679665339,117.343963,117.343853,117.343917,117.343997,117.344096
1679665340,117.343971,117.34386,117.343931,117.344012,117.3441064
1679665341,117.343981,117.343871,117.343943,117.344026,117.3441169
1679665342,117.343992,117.343883,117.343958,117.344039,117.3441273
1679665343,117.344004,117.343891,117.34397,117.344052,117.3441378
1679665344,117.344012,117.343903,117.343987,117.344065,117.3441482
1679665345,117.344021,117.343915,117.343997,117.344077,117.3441587
1679665346,117.344029,117.343928,117.344009,117.344086,117.3441691
1679665347,117.344037,117.343942,117.344019,117.344097,117.3441796
1679665348,117.344048,117.343955,117.344032,117.344105,117.34419
1679665349,117.344057,117.343968,117.344042,117.344112,117.3442005
1679665350,117.344065,117.343975,117.344048,117.34412,117.3442109
1679665351,117.344073,117.343982,117.344055,117.344125,117.3442214
1679665352,117.344076,117.343994,117.344067,117.344134,117.3442318
1679665354,117.344082,117.344009,117.344089,117.344148,117.3442527
1679665355,117.344099,117.344013,117.344102,117.344154,117.3442632
1679665356,117.344112,117.34403,117.344115,117.344166,117.3442736
1679665357,117.344127,117.344039,117.344127,117.34418,117.3442841
1679665358,117.344143,117.344045,117.344144,117.344197,117.3442945
1679665359,117.344155,117.344055,117.344154,117.34421,117.344305
1679665360,117.344166,117.344067,117.344162,117.344222,117.3443154
1679665361,117.344176,117.344079,117.344174,117.344236,117.3443259
1679665362,117.344187,117.344093,117.344187,117.344252,117.3443363
1679665363,117.344198,117.344109,117.344202,117.344263,117.3443468
1679665364,117.344205,117.344124,117.344214,117.344274,117.3443572
1679665365,117.344214,117.344137,117.344226,117.344287,117.3443677
1679665366,117.344222,117.344149,117.344234,117.344299,117.3443781
1679665367,117.344232,117.34416,117.344248,117.344307,117.3443885
1679665368,117.344242,117.344172,117.344256,117.344312,117.344399
1679665369,117.344251,117.344185,117.344269,117.344318,117.3444094
1679665370,117.344261,117.344197,117.344286,117.344331,117.3444199
1679665372,117.344271,117.344211,117.344308,117.344359,117.3444408
1679665373,117.344298,117.344213,117.344314,117.34437,117.3444512
1679665374,117.344312,117.344216,117.344328,117.344381,117.3444617
1679665375,117.344327,117.344224,117.344341,117.344393,117.3444721
1679665376,117.344338,117.344237,117.344351,117.344408,117.3444826
1679665377,117.344347,117.344251,117.344361,117.344421,117.344493
1679665378,117.344359,117.344266,117.344374,117.344435,117.3445035
1679665379,117.344373,117.344282,117.344389,117.34445,117.3445139
1679665380,117.344388,117.344296,117.344401,117.344466,117.3445244
1679665381,117.344405,117.344306,117.344411,117.344481,117.3445348
1679665382,117.344421,117.344318,117.344421,117.344495,117.3445453
1679665383,117.344436,117.344324,117.344431,117.344509,117.3445557
1679665384,117.344452,117.344334,117.344441,117.344523,117.3445662
1679665385,117.344466,117.344349,117.344454,117.344537,117.3445766
1679665386,117.344481,117.344361,117.344465,117.344552,117.3445871
1679665387,117.344493,117.344373,117.344471,117.344565,117.3445975
1679665388,117.344502,117.344381,117.344483,117.344578,117.344608
1679665390,117.344513,117.344403,117.344508,117.344601,117.3446289
1679665391,117.344534,117.344418,117.344517,117.344611,117.3446393
1679665392,117.344544,117.34443,117.344525,117.344621,117.3446498
1679665393,117.344554,117.344445,117.344532,117.344633,117.3446602
1679665394,117.344565,117.344458,117.344543,117.344641,117.3446707
1679665395,117.344577,117.344468,117.344552,117.344651,117.3446811
1679665396,117.344587,117.344478,117.34456,117.344664,117.3446916
1679665397,117.344599,117.344486,117.344567,117.344678,117.344702
1679665398,117.344613,117.344493,117.344572,117.344691,117.3447125
1679665399,117.344625,117.344503,117.344581,117.344704,117.3447229
1679665400,117.344637,117.344515,117.344593,117.344717,117.3447334
1679665401,117.344649,117.344528,117.344609,117.344729,117.3447438
1679665402,117.344663,117.34454,117.344625,117.344741,117.3447542
1679665403,117.344677,117.344548,117.344642,117.344752,117.3447647
1679665404,117.344692,117.34456,117.344657,117.344764,117.3447751
1679665405,117.344707,117.344572,117.344672,117.344775,117.3447856
1679665406,117.34472,117.344585,117.344687,117.344785,117.344796
1679665408,117.344734,117.34461,117.344714,117.344803,117.3448169
1679665409,117.344759,117.34462,117.344727,117.344811,117.3448274
1679665410,117.344769,117.344635,117.34474,117.344822,117.3448378
1679665411,117.34478,117.344647,117.344752,117.344833,117.3448483
1679665412,117.34479,117.34466,117.344762,117.344844,117.3448587
1679665413,117.344802,117.344675,117.344774,117.344856,117.3448692
1679665414,117.344813,117.344692,117.344785,117.344869,117.3448796
1679665415,117.344824,117.344707,117.344804,117.344882,117.3448901
1679665416,117.344834,117.344727,117.344819,117.344894,117.3449005
1679665417,117.344842,117.344745,117.344832,117.344904,117.344911
1679665418,117.34485,117.34476,117.344839,117.344915,117.3449214
1679665419,117.344859,117.344784,117.344847,117.344925,117.3449319
1679665420,117.344869,117.344799,117.344862,117.344936,117.3449423
1679665421,117.344881,117.344812,117.344874,117.344947,117.3449528
1679665422,117.34489,117.344827,117.344886,117.344959,117.3449632
1679665423,117.344897,117.344844,117.344896,117.34497,117.3449737
1679665424,117.344907,117.344859,117.344906,117.344982,117.3449841
1679665426,117.344916,117.344882,117.344928,117.345005,117.345005
1679665427,117.344941,117.344899,117.344933,117.345018,117.3450155
1679665428,117.34495,117.344913,117.344941,117.345029,117.3450259
1679665429,117.344961,117.344924,117.344953,117.345039,117.3450364
1679665430,117.344972,117.344934,117.344963,117.345053,117.3450468
1679665431,117.344984,117.344946,117.344974,117.345066,117.3450573
1679665432,117.344998,117.344954,117.344984,117.34508,117.3450677
1679665433,117.345012,117.344961,117.344996,117.345094,117.3450782
1679665434,117.345024,117.344969,117.345008,117.345106,117.3450886
1679665435,117.345034,117.344976,117.345018,117.345117,117.3450991
1679665436,117.345042,117.344984,117.345026,117.34513,117.3451095
1679665437,117.34505,117.344993,117.345036,117.345144,117.3451199
1679665438,117.345059,117.344999,117.345048,117.345157,117.3451304
1679665439,117.345071,117.345006,117.345058,117.345168,117.3451408
1679665440,117.345081,117.34502,117.345073,117.345181,117.3451513
1679665441,117.34509,117.345028,117.345088,117.345193,117.3451617
1679665442,117.345105,117.345031,117.3451,117.345207,117.3451722
1679665444,117.345119,117.345056,117.345115,117.345233,117.3451931
1679665445,117.345141,117.345069,117.345123,117.345247,117.3452035
1679665446,117.345153,117.345083,117.345132,117.34526,117.345214
1679665447,117.345166,117.345098,117.345142,117.34527,117.3452244
1679665448,117.345178,117.345113,117.345151,117.34528,117.3452349
1679665449,117.345191,117.345126,117.345165,117.34529,117.3452453
1679665450,117.345201,117.345135,117.345173,117.345299,117.3452558
1679665451,117.345211,117.345143,117.345185,117.345311,117.3452662
1679665452,117.345223,117.345153,117.345202,117.345323,117.3452767
1679665453,117.345238,117.345161,117.345212,117.345335,117.3452871
1679665454,117.345255,117.345175,117.345225,117.345346,117.3452976
1679665455,117.345271,117.345186,117.34524,117.345357,117.345308
1679665456,117.345282,117.345195,117.34525,117.34537,117.3453185
1679665457,117.345295,117.345205,117.34526,117.345383,117.3453289
1679665458,117.345306,117.345218,117.345273,117.345393,117.3453394
1679665459,117.345317,117.345232,117.345292,117.345403,117.3453498
1679665460,117.345328,117.345248,117.345307,117.345413,117.3453603
1679665462,117.345337,117.345275,117.345339,117.345438,117.3453812
1679665463,117.345358,117.345288,117.345352,117.345451,117.3453916
1679665464,117.34537,117.345302,117.345367,117.345462,117.3454021
1679665465,117.345381,117.345314,117.345379,117.345472,117.3454125
1679665466,117.345394,117.345325,117.345389,117.345484,117.345423
1679665467,117.345406,117.345335,117.3454,117.345495,117.3454334
1679665468,117.345421,117.345349,117.345407,117.345505,117.3454439
1679665469,117.345434,117.345362,117.345417,117.345515,117.3454543
1679665470,117.345447,117.345375,117.345432,117.345525,117.3454647
1679665471,117.345458,117.345392,117.345446,117.345535,117.3454752
1679665472,117.345465,117.3454,117.345459,117.34554,117.3454856
1679665473,117.345474,117.345409,117.345472,117.345551,117.3454961
1679665474,117.345482,117.345424,117.345482,117.345562,117.3455065
1679665475,117.345488,117.345439,117.345489,117.345573,117.345517
1679665476,117.345497,117.345444,117.345502,117.345586,117.3455274
1679665477,117.345509,117.345451,117.345518,117.345599,117.3455379
1679665478,117.345524,117.345459,117.345531,117.345612,117.3455483
1679665480,117.345539,117.345477,117.345551,117.345639,117.3455692
1679665481,117.345569,117.345484,117.345566,117.345646,117.3455797
1679665482,117.345582,117.345499,117.345578,117.345657,117.3455901
1679665483,117.345592,117.345511,117.345586,117.345664,117.3456006
1679665484,117.345601,117.345526,117.345596,117.345672,117.345611
1679665485,117.34561,117.345534,117.345608,117.345677,117.3456215
1679665486,117.34562,117.345543,117.345614,117.345683,117.3456319
1679665487,117.345629,117.345553,117.345624,117.345693,117.3456424
1679665488,117.34564,117.345559,117.345638,117.345702,117.3456528
1679665489,117.345652,117.345563,117.345646,117.345708,117.3456633
1679665490,117.345662,117.345579,117.345659,117.345717,117.3456737
1679665491,117.345676,117.345599,117.345669,117.345729,117.3456842
1679665492,117.345689,117.34561,117.345681,117.345741,117.3456946
1679665493,117.345702,117.34562,117.345688,117.345752,117.3457051
1679665494,117.345717,117.345633,117.345696,117.345759,117.3457155
1679665495,117.345728,117.345638,117.345703,117.345767,117.345726
1679665496,117.345739,117.34564,117.345712,117.345777,117.3457364
1679665498,117.345752,117.345659,117.345725,117.345798,117.3457573
1679665499,117.345769,117.345671,117.345736,117.345803,117.3457678
1679665500,117.345776,117.345686,117.345747,117.345805,117.3457782
1679665501,117.345782,117.345712,117.345757,117.345814,117.3457887
1679665502,117.34579,117.345723,117.34577,117.345819,117.3457991
1679665503,117.345798,117.345736,117.345785,117.345822,117.3458096
1679665504,117.345803,117.34575,117.345793,117.345823,117.34582
1679665505,117.34581,117.345757,117.345798,117.345821,117.34582
1679665506,117.345808,117.345758,117.345798,117.345819,117.3458156
1679665507,117.345805,117.345757,117.345798,117.345814,117.3458113
1679665508,117.345805,117.345758,117.345798,117.345812,117.3458069
1679665509,117.345804,117.345761,117.345796,117.345811,117.3458025
1679665510,117.345802,117.345761,117.345796,117.345811,117.3457982
1679665511,117.345801,117.34576,117.345796,117.345809,117.3457938
1679665512,117.345803,117.345761,117.345796,117.345803,117.3457894
1679665513,117.345804,117.345758,117.345795,117.345796,117.3457851
1679665514,117.345803,117.345751,117.345793,117.34579,117.3457807
1679665516,117.345801,117.345747,117.345786,117.345785,117.345772
1679665517,117.34579,117.345741,117.345786,117.34579,117.3457676
1679665518,117.345788,117.345743,117.345788,117.345791,117.3457632
1679665519,117.345789,117.345741,117.34579,117.345787,117.3457589
1679665520,117.34579,117.345743,117.345793,117.345783,117.3457545
1679665521,117.345789,117.345741,117.345788,117.345779,117.3457501
1679665522,117.345788,117.345741,117.345786,117.345776,117.3457457
1679665523,117.345787,117.345738,117.345786,117.345773,117.3457414
1679665524,117.345783,117.34573,117.345783,117.345772,117.345737
1679665525,117.345778,117.345725,117.345782,117.345771,117.3457326
1679665526,117.345774,117.345723,117.34578,117.345766,117.3457283
1679665527,117.34577,117.345725,117.345775,117.34576,117.3457239
1679665528,117.345764,117.345726,117.345765,117.345755,117.3457195
1679665529,117.345758,117.345723,117.345757,117.345749,117.3457152
1679665530,117.345754,117.345722,117.345755,117.345745,117.3457108
1679665531,117.345749,117.345716,117.345748,117.34574,117.3457064
1679665532,117.345745,117.345713,117.345745,117.345731,117.3457021
1679665534,117.345739,117.345715,117.345735,117.34572,117.3456933
1679665535,117.345724,117.345711,117.345735,117.345715,117.345689
1679665536,117.34572,117.345708,117.345735,117.345708,117.3456846
1679665537,117.345714,117.345703,117.345735,117.345701,117.3456802
1679665538,117.345705,117.345701,117.345735,117.345696,117.3456759
1679665539,117.345699,117.345698,117.345733,117.34569,117.3456715
1679665540,117.34569,117.345693,117.345733,117.345683,117.3456671
1679665541,117.345683,117.345686,117.345733,117.345677,117.3456628
1679665542,117.345676,117.345681,117.345728,117.345672,117.3456584
1679665543,117.345673,117.345676,117.345723,117.345664,117.345654
1679665544,117.345672,117.345673,117.345718,117.345656,117.3456497
1679665545,117.34567,117.345668,117.345713,117.345653,117.3456453
1679665546,117.345668,117.345666,117.345715,117.345647,117.3456409
1679665547,117.345665,117.345665,117.34571,117.34564,117.3456366
1679665548,117.345663,117.345661,117.34571,117.345634,117.3456322
1679665549,117.345657,117.345659,117.345704,117.345629,117.3456278
1679665550,117.34565,117.345658,117.345698,117.345627,117.3456234
1679665552,117.345645,117.345645,117.345688,117.345619,117.3456147
1679665553,117.345629,117.34564,117.345683,117.345614,117.3456103
1679665554,117.345624,117.345636,117.345676,117.34561,117.345606
1679665555,117.345622,117.345629,117.345675,117.345605,117.3456016
1679665556,117.34562,117.345626,117.345666,117.345602,117.3455972
1679665557,117.345617,117.345624,117.345659,117.345598,117.3455929
1679665558,117.345611,117.345621,117.345653,117.345592,117.3455885
1679665559,117.345606,117.345618,117.345646,117.345585,117.3455841
1679665560,117.345601,117.345609,117.345641,117.345578,117.3455798
1679665561,117.345596,117.345602,117.345633,117.345571,117.3455754
1679665562,117.345586,117.345601,117.345631,117.345564,117.345571
1679665563,117.345581,117.345592,117.345631,117.34556,117.3455667
1679665564,117.345577,117.345586,117.345623,117.345556,117.3455623
1679665565,117.345571,117.345584,117.345614,117.345554,117.3455579
1679665566,117.345566,117.345583,117.345608,117.34555,117.3455536
1679665567,117.345562,117.345576,117.345604,117.345547,117.3455492
1679665568,117.345558,117.345573,117.345598,117.345545,117.3455448
1679665570,117.345556,117.345564,117.345586,117.345538,117.3455361
1679665571,117.34555,117.345554,117.345583,117.345534,117.3455317
1679665572,117.345549,117.345548,117.345583,117.345531,117.3455274
1679665573,117.345546,117.345544,117.345581,117.345528,117.345523
1679665574,117.345542,117.345543,117.345578,117.345524,117.3455186
1679665575,117.345538,117.345539,117.345573,117.345518,117.3455143
1679665576,117.34553,117.345534,117.345566,117.345515,117.3455099
1679665577,117.345524,117.345524,117.345559,117.34551,117.3455055
1679665578,117.345518,117.345516,117.345549,117.345506,117.3455011
1679665579,117.345514,117.345511,117.345542,117.345502,117.3454968
1679665580,117.34551,117.345507,117.345537,117.3455,117.3454924
1679665581,117.345505,117.345504,117.345531,117.345496,117.345488
1679665582,117.345501,117.345499,117.345522,117.34549,117.3454837
1679665583,117.345495,117.345494,117.345516,117.345483,117.3454793
1679665584,117.345489,117.345491,117.345507,117.345478,117.3454749
1679665585,117.345483,117.345486,117.345499,117.345474,117.3454706
1679665586,117.345477,117.345484,117.345492,117.34547,117.3454662
1679665588,117.345473,117.345471,117.345479,117.345457,117.3454575
1679665589,117.345466,117.345466,117.345471,117.345453,117.3454531
1679665590,117.345464,117.345462,117.345467,117.345448,117.3454487
1679665591,117.345458,117.345459,117.345464,117.34544,117.3454444
1679665592,117.345454,117.345452,117.345459,117.345432,117.34544
1679665593,117.345448,117.345449,117.345452,117.34543,117.3454356
1679665594,117.345442,117.345445,117.345447,117.345427,117.3454313
1679665595,117.345435,117.34544,117.345444,117.345423,117.3454269
1679665596,117.345429,117.345434,117.345439,117.345417,117.3454225
1679665597,117.345422,117.345432,117.345434,117.345413,117.3454182
1679665598,117.345418,117.345429,117.345431,117.345408,117.3454138
1679665599,117.345413,117.34542,117.345427,117.345401,117.3454094
1679665600,117.345405,117.345422,117.345427,117.345394,117.3454051
1679665601,117.345402,117.345415,117.345422,117.345388,117.3454007
1679665602,117.3454,117.34541,117.345417,117.345388,117.3453963
1679665603,117.345403,117.345412,117.345414,117.345386,117.345392
1679665604,117.3454,117.345415,117.34541,117.345396,117.3453876
1679665606,117.345396,117.345404,117.345397,117.345377,117.3453789
1679665607,117.345383,117.345402,117.345392,117.345371,117.3453745
1679665608,117.345382,117.3454,117.345387,117.345365,117.3453701
1679665609,117.345378,117.345392,117.345384,117.34536,117.3453657
1679665610,117.345372,117.345382,117.345382,117.345353,117.3453614
1679665611,117.345367,117.345379,117.345382,117.345348,117.345357
1679665612,117.345362,117.345375,117.345379,117.345343,117.3453526
1679665613,117.345355,117.345374,117.345374,117.345338,117.3453483
1679665614,117.345351,117.345377,117.34537,117.345333,117.3453439
1679665615,117.34535,117.345374,117.345365,117.345329,117.3453395
1679665616,117.345351,117.34537,117.34536,117.345325,117.3453352
1679665617,117.345352,117.345362,117.345353,117.345323,117.3453308
1679665618,117.345346,117.345353,117.345348,117.34532,117.3453264
1679665619,117.345334,117.345345,117.345343,117.345316,117.3453221
1679665620,117.345328,117.345342,117.34534,117.345313,117.3453177
1679665621,117.34532,117.345339,117.345337,117.345308,117.3453133
1679665622,117.345315,117.345337,117.345332,117.345303,117.345309
1679665624,117.345312,117.34533,117.345325,117.345295,117.3453002
1679665625,117.345304,117.345327,117.34532,117.345291,117.3452959
1679665626,117.345298,117.34532,117.345317,117.345284,117.3452915
1679665627,117.345289,117.34532,117.345312,117.345277,117.3452871
1679665628,117.345281,117.34532,117.345308,117.345274,117.3452828
1679665629,117.345278,117.34532,117.345305,117.345272,117.3452784
1679665630,117.345275,117.345318,117.345304,117.345264,117.345274
1679665631,117.345271,117.345318,117.345297,117.345258,117.3452697
1679665632,117.345265,117.345318,117.34529,117.345252,117.3452653
1679665633,117.345263,117.34532,117.345283,117.345245,117.3452609
1679665634,117.345257,117.345317,117.345277,117.345239,117.3452566
1679665635,117.345252,117.345312,117.345273,117.345237,117.3452522
1679665636,117.34525,117.345307,117.345266,117.345232,117.3452478
1679665637,117.345246,117.345302,117.345262,117.345227,117.3452434
1679665638,117.345241,117.3453,117.345262,117.345221,117.3452391
1679665639,117.345237,117.345295,117.345257,117.345211,117.3452347
1679665640,117.345229,117.34529,117.345255,117.345204,117.3452303
1679665642,117.345222,117.345275,117.345241,117.345197,117.3452216
1679665643,117.345207,117.345265,117.345233,117.34519,117.3452172
1679665644,117.3452,117.345262,117.345228,117.345187,117.3452129
1679665645,117.345196,117.345258,117.34522,117.345184,117.3452085
1679665646,117.345193,117.345253,117.345216,117.345179,117.3452041
1679665647,117.345192,117.345248,117.345212,117.345174,117.3451998
1679665648,117.345187,117.345245,117.345208,117.345165,117.3451954
1679665649,117.345185,117.34524,117.345203,117.345158,117.345191
1679665650,117.345186,117.345235,117.3452,117.345154,117.3451867
1679665651,117.345186,117.345228,117.345195,117.345151,117.3451823
1679665652,117.345181,117.345218,117.34519,117.34515,117.3451779
1679665653,117.345173,117.345213,117.345185,117.345146,117.3451736
1679665654,117.345167,117.34521,117.345178,117.345141,117.3451692
1679665655,117.345163,117.345203,117.345173,117.345136,117.3451648
1679665656,117.345163,117.345198,117.345168,117.345133,117.3451605
1679665657,117.345163,117.345195,117.345163,117.345127,117.3451561
1679665658,117.34516,117.345186,117.345156,117.345129,117.3451517
1679665660,117.34516,117.345178,117.345143,117.345136,117.345143
1679665661,117.345152,117.345173,117.345136,117.345131,117.3451386
1679665662,117.345145,117.345168,117.345131,117.345119,117.3451343
1679665663,117.345139,117.345163,117.345126,117.345112,117.3451299
1679665664,117.345133,117.345151,117.345123,117.345108,117.3451255
1679665665,117.345127,117.345136,117.345118,117.345104,117.3451211
1679665666,117.345121,117.345128,117.345111,117.345101,117.3451168
1679665667,117.345119,117.34512,117.345106,117.345097,117.3451124
1679665668,117.345116,117.34511,117.345101,117.345095,117.345108
1679665669,117.345112,117.345101,117.345098,117.345091,117.3451037
1679665670,117.345108,117.345088,117.345096,117.345089,117.3450993
1679665671,117.345104,117.345078,117.345093,117.345085,117.3450949
1679665672,117.345101,117.345071,117.34509,117.345081,117.3450906
1679665673,117.345095,117.345068,117.345086,117.345079,117.3450862
1679665674,117.345091,117.345061,117.345081,117.345076,117.3450818
1679665675,117.345087,117.345058,117.345081,117.345074,117.3450775
1679665676,117.345083,117.345058,117.345079,117.345071,117.3450731
1679665678,117.345077,117.345056,117.345076,117.345063,117.3450644
1679665679,117.345063,117.345053,117.345071,117.34506,117.34506
1679665680,117.34506,117.345056,117.345066,117.34506,117.34506
1679665681,117.345057,117.345059,117.345064,117.345061,117.3450589
1679665682,117.345057,117.345059,117.345064,117.345062,117.3450578
1679665683,117.345059,117.345064,117.345063,117.345063,117.3450567
1679665684,117.345058,117.345066,117.345064,117.345061,117.3450556
1679665685,117.345058,117.345068,117.345063,117.34506,117.3450545
1679665686,117.345058,117.345073,117.345059,117.345062,117.3450534
1679665687,117.345062,117.345078,117.345056,117.345063,117.3450523
1679665688,117.345066,117.345078,117.345054,117.345062,117.3450512
1679665689,117.345067,117.345078,117.345053,117.345061,117.3450501
1679665690,117.345065,117.345078,117.345051,117.34506,117.345049
1679665691,117.345059,117.345078,117.345049,117.345059,117.3450479
1679665692,117.345051,117.345081,117.345048,117.345058,117.3450468
1679665693,117.345044,117.345081,117.345044,117.345059,117.3450457
1679665694,117.345042,117.345081,117.345041,117.345058,117.3450446
1679665696,117.34504,117.345076,117.345038,117.345055,117.3450424
1679665697,117.345041,117.345074,117.345039,117.345056,117.3450413
1679665698,117.34504,117.345071,117.345038,117.345056,117.3450402
1679665699,117.345037,117.345064,117.345036,117.345056,117.3450391
1679665700,117.345035,117.345054,117.345034,117.345057,117.345038
1679665701,117.345032,117.345051,117.345034,117.345056,117.3450369
1679665702,117.345032,117.345051,117.345036,117.345055,117.3450358
1679665703,117.345029,117.345054,117.345034,117.345056,117.3450347
1679665704,117.345027,117.345058,117.345034,117.345056,117.3450336
1679665705,117.345027,117.345056,117.345033,117.345056,117.3450325
1679665706,117.345029,117.345049,117.345034,117.345055,117.3450314
1679665707,117.34503,117.345046,117.345033,117.345051,117.3450303
1679665708,117.34503,117.345038,117.345033,117.345049,117.3450292
1679665709,117.345027,117.345028,117.345026,117.345046,117.3450281
1679665710,117.345026,117.345018,117.345024,117.345044,117.345027
1679665711,117.345027,117.345011,117.345024,117.345042,117.3450259
1679665712,117.345023,117.345003,117.345023,117.345041,117.3450248
1679665714,117.345021,117.344997,117.345014,117.34504,117.3450226
1679665715,117.345016,117.344994,117.345009,117.345039,117.3450215
1679665716,117.345012,117.344994,117.345009,117.345036,117.3450204
1679665717,117.345007,117.344994,117.345004,117.345033,117.3450193
1679665718,117.345002,117.344997,117.345001,117.34503,117.3450182
1679665719,117.344999,117.344997,117.344999,117.345028,117.3450171
1679665720,117.345002,117.344999,117.344999,117.345028,117.345016
1679665721,117.345002,117.345004,117.344997,117.345024,117.3450149
1679665722,117.345005,117.345006,117.344999,117.345021,117.3450138
1679665723,117.345007,117.345004,117.344999,117.345018,117.3450127
1679665724,117.345004,117.345001,117.344999,117.345015,117.3450116
1679665725,117.345002,117.345001,117.344997,117.345012,117.3450105
1679665726,117.344997,117.344999,117.344996,117.345012,117.3450094
1679665733,117.344984,117.344977,117.344997,117.344999,117.3450017
1679665734,117.344982,117.344971,117.344999,117.344997,117.3450006
1679665735,117.344982,117.344966,117.344999,117.344995,117.3449995
1679665736,117.344985,117.344961,117.344997,117.344994,117.3449984
1679665737,117.344986,117.344959,117.344996,117.344993,117.3449973
1679665738,117.344985,117.344961,117.344994,117.344992,117.3449962
1679665739,117.344981,117.344966,117.344992,117.34499,117.3449951
1679665740,117.344978,117.344971,117.344987,117.344989,117.344994
1679665741,117.344979,117.344976,117.344986,117.344987,117.3449929
1679665742,117.344978,117.344979,117.344984,117.344987,117.3449918
1679665743,117.344979,117.344979,117.344984,117.344986,117.3449907
1679665744,117.344976,117.344977,117.344986,117.344983,117.3449896
1679665745,117.344971,117.344972,117.344989,117.344979,117.3449885
1679665746,117.344967,117.344966,117.344989,117.344974,117.3449874
1679665747,117.344971,117.344962,117.344987,117.344969,117.3449863
1679665748,117.344958,117.344964,117.344984,117.344966,117.3449852
1679665750,117.344966,117.344962,117.344984,117.344966,117.344983
1679665751,117.344971,117.344966,117.344979,117.344966,117.3449819
1679665752,117.34497,117.344964,117.344974,117.344964,117.3449808
1679665753,117.34497,117.344966,117.344976,117.344963,117.3449797
1679665754,117.344966,117.344971,117.344979,117.344961,117.3449786
1679665755,117.344965,117.344974,117.344981,117.344958,117.3449775
1679665756,117.344964,117.344979,117.344979,117.344954,117.3449764
1679665757,117.344963,117.344981,117.344972,117.344954,117.3449753
1679665758,117.344959,117.344984,117.344971,117.344956,117.3449742
1679665759,117.344954,117.344982,117.344966,117.344956,117.3449731
1679665760,117.344953,117.344979,117.344962,117.344954,117.344972
1679665761,117.34495,117.344979,117.344959,117.344951,117.3449709
1679665762,117.344952,117.344974,117.344954,117.34495,117.3449698
1679665763,117.344954,117.344966,117.344949,117.344941,117.3449687
1679665764,117.34495,117.344964,117.344947,117.344934,117.3449676
1679665765,117.344945,117.344957,117.344947,117.344931,117.3449665
1679665766,117.344946,117.344951,117.344949,117.344929,117.3449654
1679665769,117.344956,117.344952,117.344949,117.344927,117.3449621
1679665769,117.344956,117.344952,117.344949,117.344925,117.3449621
1679665770,117.344955,117.344947,117.344942,117.344925,117.344961
1679665771,117.344957,117.344947,117.344942,117.344928,117.3449599
1679665772,117.344957,117.344947,117.344947,117.344931,117.3449588
1679665773,117.344959,117.344946,117.344947,117.344931,117.3449577
1679665774,117.344959,117.344946,117.344951,117.344928,117.3449566
1679665775,117.344956,117.344942,117.344949,117.344924,117.3449555
1679665776,117.344952,117.344944,117.344947,117.344922,117.3449544
1679665777,117.344951,117.344944,117.344942,117.344922,117.3449533
1679665778,117.344949,117.344944,117.344937,117.344919,117.3449522
1679665779,117.344947,117.344946,117.344932,117.344917,117.3449511
1679665780,117.344947,117.344944,117.34493,117.344914,117.34495
1679665781,117.344945,117.344942,117.344932,117.344912,117.3449489
1679665782,117.344943,117.344936,117.34493,117.34491,117.3449478
1679665783,117.344941,117.344929,117.34493,117.344909,117.3449467
1679665784,117.34494,117.344927,117.344929,117.344909,117.3449456
1679665786,117.34494,117.344922,117.344922,117.344906,117.3449434
1679665787,117.344933,117.344921,117.344917,117.344905,117.3449423
1679665788,117.344928,117.344921,117.344919,117.344903,117.3449412
1679665789,117.344925,117.344925,117.344919,117.344898,117.3449401
1679665790,117.344923,117.344925,117.344917,117.344894,117.344939
1679665791,117.344922,117.344921,117.344917,117.344891,117.3449379
1679665792,117.34492,117.344919,117.344912,117.34489,117.3449368
1679665793,117.344914,117.344915,117.344907,117.34489,117.3449357
1679665794,117.344912,117.344914,117.344905,117.344891,117.3449346
1679665795,117.34491,117.344909,117.344907,117.344891,117.3449335
1679665796,117.344909,117.344905,117.344905,117.344889,117.3449324
1679665797,117.344907,117.344905,117.3449,117.344887,117.3449313
1679665798,117.344903,117.3449,117.344897,117.344887,117.3449302
1679665799,117.344899,117.344899,117.34489,117.344887,117.3449291
1679665800,117.344898,117.344899,117.344889,117.344889,117.344928
1679665801,117.344899,117.344899,117.34489,117.344888,117.3449269
1679665802,117.344901,117.344895,117.344892,117.344885,117.3449258
1679665804,117.344902,117.344895,117.34489,117.344884,117.3449236
1679665805,117.344906,117.3449,117.344889,117.344886,117.3449225
1679665806,117.344903,117.344895,117.344886,117.344886,117.3449214
1679665807,117.344902,117.344897,117.344886,117.344886,117.3449203
1679665808,117.3449,117.344899,117.344889,117.344884,117.3449192
1679665809,117.344898,117.344902,117.34489,117.344881,117.3449181
1679665810,117.344897,117.344907,117.344892,117.344879,117.344917
1679665811,117.344898,117.344905,117.344892,117.344879,117.3449159
1679665812,117.344897,117.3449,117.344892,117.34488,117.3449148
1679665813,117.344896,117.344897,117.344892,117.344883,117.3449137
1679665814,117.344894,117.344899,117.34489,117.344886,117.3449126
1679665815,117.344894,117.344899,117.344889,117.344887,117.3449115
1679665816,117.344894,117.3449,117.344889,117.344887,117.3449104
1679665817,117.344892,117.344894,117.344887,117.344887,117.3449093
1679665818,117.34489,117.344887,117.344889,117.344887,117.3449082
1679665819,117.344888,117.344884,117.34489,117.344888,117.3449071
1679665820,117.344886,117.34488,117.344892,117.344887,117.344906
1679665822,117.344882,117.344877,117.344887,117.344889,117.3449038
1679665823,117.344881,117.344879,117.344884,117.34489,117.3449027
1679665824,117.34488,117.344884,117.344882,117.344891,117.3449016
1679665825,117.344878,117.344889,117.344886,117.34489,117.3449005
1679665826,117.344875,117.344887,117.344884,117.34489,117.3448994
1679665827,117.344875,117.344882,117.34488,117.344891,117.3448983
1679665828,117.344872,117.344877,117.34488,117.344891,117.3448972
1679665829,117.34487,117.344875,117.344882,117.344891,117.3448961
1679665830,117.344871,117.344877,117.344884,117.344891,117.344895
1679665831,117.34487,117.344877,117.344877,117.344891,117.3448939
1679665832,117.344871,117.344874,117.344874,117.34489,117.3448928
1679665833,117.34487,117.344874,117.344872,117.344888,117.3448917
1679665834,117.344873,117.344872,117.34487,117.344887,117.3448906
1679665835,117.344873,117.344872,117.34487,117.344886,117.3448895
1679665836,117.344873,117.34487,117.344872,117.344885,117.3448884
1679665837,117.344873,117.344869,117.344874,117.344886,117.3448873
1679665838,117.344871,117.344869,117.344875,117.344886,117.3448862
1679665840,117.344872,117.344869,117.344875,117.344886,117.344884
1679665841,117.344878,117.344874,117.344875,117.344887,117.3448829
1679665842,117.344878,117.344874,117.344875,117.344888,117.3448818
1679665843,117.344877,117.344875,117.344875,117.344886,117.3448807
1679665844,117.344874,117.344874,117.344872,117.344883,117.3448796
1679665845,117.34487,117.34487,117.344869,117.344882,117.3448785
1679665846,117.344867,117.344869,117.344864,117.344883,117.3448774
1679665847,117.344864,117.344864,117.34486,117.344882,117.3448763
1679665848,117.344864,117.344862,117.344857,117.344879,117.3448752
1679665849,117.344865,117.34486,117.344855,117.344876,117.3448741
1679665850,117.344869,117.34486,117.344854,117.344875,117.344873
1679665851,117.34487,117.344858,117.344854,117.344875,117.3448719
1679665852,117.344868,117.344858,117.344854,117.344875,117.3448708
1679665853,117.344866,117.344855,117.344854,117.344874,117.3448697
1679665854,117.344864,117.344854,117.34485,117.344871,117.3448686
1679665855,117.344863,117.344852,117.344848,117.344869,117.3448675
1679665856,117.34486,117.34485,117.344847,117.344865,117.3448664
1679665858,117.344857,117.344839,117.344847,117.344862,117.3448642
1679665859,117.344843,117.344837,117.344847,117.344861,117.3448631
1679665860,117.344844,117.34483,117.344845,117.344859,117.344862
1679665861,117.344842,117.344823,117.344843,117.344858,117.3448609
1679665862,117.344841,117.344827,117.344843,117.344856,117.3448598
1679665863,117.344841,117.344823,117.344843,117.344855,117.3448587
1679665864,117.344841,117.344825,117.344843,117.344856,117.3448576
1679665865,117.344842,117.344825,117.344843,117.344856,117.3448565
1679665866,117.344836,117.344833,117.34484,117.344856,117.3448554
1679665867,117.344832,117.344835,117.34484,117.344856,117.3448543
1679665868,117.344829,117.344839,117.344835,117.344856,117.3448532
1679665869,117.34483,117.344837,117.344832,117.344855,117.3448521
1679665870,117.34483,117.344837,117.344832,117.344852,117.344851
1679665871,117.34483,117.344839,117.344833,117.344849,117.3448499
1679665872,117.344829,117.34484,117.344833,117.344847,117.3448488
1679665873,117.344826,117.344837,117.344835,117.344845,117.3448477
1679665874,117.344824,117.344832,117.344835,117.344842,117.3448466
1679665876,117.344824,117.344832,117.344827,117.344836,117.3448444
1679665877,117.344819,117.34483,117.344825,117.344834,117.3448433
1679665878,117.344815,117.344827,117.344819,117.344831,117.3448422
1679665879,117.344814,117.344817,117.34481,117.34483,117.3448411
1679665880,117.344817,117.344812,117.344805,117.344828,117.34484
1679665881,117.344814,117.344808,117.344802,117.344827,117.3448389
1679665882,117.344814,117.34481,117.3448,117.344828,117.3448378
1679665883,117.344816,117.344807,117.3448,117.344828,117.3448367
1679665884,117.344811,117.344804,117.344802,117.344828,117.3448356
1679665885,117.344809,117.344802,117.344805,117.344827,117.3448345
1679665886,117.344811,117.344802,117.344807,117.344827,117.3448334
1679665887,117.344812,117.344805,117.344805,117.344826,117.3448323
1679665888,117.344811,117.344805,117.344802,117.344826,117.3448312
1679665889,117.344807,117.344805,117.3448,117.344827,117.3448301
1679665890,117.344802,117.344805,117.344797,117.344825,117.344829
1679665891,117.344795,117.344804,117.344792,117.344824,117.3448279
1679665892,117.34479,117.3448,117.34479,117.344823,117.3448268
1679665894,117.344789,117.34479,117.344794,117.344822,117.3448246
1679665895,117.344791,117.344782,117.344792,117.344822,117.3448235
1679665896,117.344793,117.344782,117.344794,117.34482,117.3448224
1679665897,117.344795,117.344776,117.344794,117.344817,117.3448213
1679665898,117.344798,117.344772,117.344794,117.344815,117.3448202
1679665899,117.344797,117.344763,117.344795,117.344812,117.3448191
1679665900,117.344797,117.344765,117.344795,117.344811,117.344818
1679665901,117.344798,117.344765,117.344794,117.344811,117.3448169
1679665902,117.344799,117.344768,117.344792,117.344809,117.3448158
1679665903,117.344801,117.344772,117.344792,117.344808,117.3448147
1679665904,117.344799,117.344772,117.344792,117.344807,117.3448136
1679665905,117.344796,117.344768,117.34479,117.344804,117.3448125
1679665906,117.344793,117.344768,117.344785,117.344801,117.3448114
1679665907,117.344791,117.344772,117.344782,117.344799,117.3448103
1679665908,117.344789,117.344775,117.34478,117.344798,117.3448092
1679665909,117.344789,117.344776,117.344776,117.344797,117.3448081
1679665910,117.344785,117.344778,117.344776,117.344795,117.344807
1679665912,117.344787,117.344765,117.344776,117.344791,117.3448048
1679665913,117.344787,117.34476,117.344775,117.34479,117.3448037
1679665914,117.344787,117.344756,117.344773,117.344789,117.3448026
1679665915,117.344785,117.344758,117.344773,117.344787,117.3448014
1679665916,117.344784,117.344758,117.344775,117.344787,117.3448003
1679665917,117.344782,117.344758,117.344772,117.344787,117.3447992
1679665918,117.344783,117.34476,117.344766,117.344785,117.3447981
1679665919,117.344781,117.344758,117.344765,117.344785,117.344797
1679665920,117.344781,117.344755,117.344765,117.344786,117.3447959
1679665921,117.344781,117.344752,117.344768,117.344788,117.3447948
1679665922,117.34478,117.34475,117.34477,117.344789,117.3447937
1679665923,117.34478,117.344753,117.344772,117.344791,117.3447926
1679665924,117.344779,117.344755,117.344775,117.344792,117.3447915
1679665925,117.344781,117.34476,117.344776,117.344791,117.3447904
1679665926,117.34478,117.344758,117.344776,117.344787,117.3447893
1679665927,117.344779,117.344753,117.344778,117.344784,117.3447882
1679665928,117.344778,117.344755,117.344776,117.344782,117.3447871
1679665930,117.344778,117.344755,117.344775,117.344779,117.3447849
1679665931,117.344779,117.344753,117.344776,117.344775,117.3447838
1679665932,117.344778,117.344747,117.344776,117.344772,117.3447827
1679665933,117.344774,117.34474,117.344776,117.344769,117.3447816
1679665934,117.344773,117.344737,117.344773,117.34477,117.3447805
1679665935,117.344772,117.34474,117.34477,117.344771,117.3447794
1679665936,117.344769,117.344741,117.344766,117.344771,117.3447783
1679665937,117.344775,117.344741,117.34477,117.344771,117.3447772
1679665938,117.344779,117.344745,117.34477,117.34477,117.3447761
1679665939,117.344778,117.344748,117.34477,117.34477,117.344775
1679665940,117.344777,117.344745,117.344768,117.34477,117.3447739
1679665941,117.344775,117.344743,117.344765,117.344768,117.3447728
1679665942,117.344769,117.344741,117.34476,117.344767,117.3447717
1679665943,117.344762,117.344743,117.344756,117.344766,117.3447706
1679665944,117.344762,117.344745,117.344758,117.344766,117.3447695
1679665945,117.344763,117.344747,117.34476,117.344763,117.3447684
1679665946,117.344763,117.344747,117.34476,117.344762,117.3447673
1679665948,117.34476,117.344738,117.344756,117.344762,117.3447651
1679665949,117.344758,117.344735,117.344756,117.34476,117.344764
1679665950,117.344758,117.344725,117.344758,117.344757,117.3447629
1679665951,117.344758,117.344717,117.344758,117.344754,117.3447618
1679665952,117.344758,117.344713,117.344762,117.344753,117.3447607
1679665953,117.344756,117.344715,117.344763,117.344753,117.3447596
1679665954,117.344753,117.344713,117.344763,117.344753,117.3447585
1679665955,117.34475,117.34471,117.344758,117.344752,117.3447574
1679665956,117.344749,117.344708,117.344755,117.344752,117.3447563
1679665957,117.344746,117.344708,117.344752,117.34475,117.3447552
1679665958,117.344744,117.344712,117.344748,117.344748,117.3447541
1679665959,117.344744,117.344712,117.344752,117.344747,117.344753
1679665960,117.34474,117.344711,117.344753,117.344747,117.3447519
1679665961,117.344737,117.344715,117.34475,117.344749,117.3447508
1679665962,117.344734,117.344713,117.344747,117.344748,117.3447497
1679665963,117.344731,117.344709,117.344747,117.344747,117.3447486
1679665964,117.344729,117.344709,117.344741,117.344747,117.3447475
1679665966,117.344727,117.344715,117.344747,117.344744,117.3447453
1679665967,117.344733,117.344709,117.344748,117.344743,117.3447442
1679665968,117.344733,117.344706,117.34475,117.344742,117.3447431
1679665969,117.344733,117.344706,117.344747,117.344741,117.344742
1679665970,117.344732,117.344705,117.344741,117.344741,117.3447409
1679665971,117.34473,117.344703,117.344737,117.34474,117.3447398
1679665972,117.34473,117.344705,117.344737,117.344738,117.3447387
1679665973,117.34473,117.344698,117.344735,117.344736,117.3447376
1679665974,117.344729,117.344698,117.344735,117.344734,117.3447365
1679665975,117.344727,117.344695,117.344735,117.344733,117.3447354
1679665976,117.34473,117.344698,117.34473,117.344733,117.3447343
1679665977,117.344734,117.344703,117.344727,117.344733,117.3447332
1679665978,117.344733,117.344706,117.344725,117.344733,117.3447321
1679665979,117.344734,117.344708,117.344723,117.344732,117.344731
1679665980,117.344731,117.344709,117.344723,117.344731,117.3447299
1679665981,117.34473,117.344708,117.344723,117.344729,117.3447288
1679665982,117.344729,117.344709,117.34472,117.344727,117.3447277
1679665984,117.344725,117.3447,117.344715,117.344719,117.3447255
1679665985,117.344722,117.344693,117.344715,117.344714,117.3447244
1679665986,117.344722,117.344688,117.344715,117.344709,117.3447233
1679665987,117.34472,117.34468,117.344715,117.344708,117.3447222
1679665988,117.344717,117.344676,117.344715,117.344708,117.3447211
1679665989,117.344713,117.344676,117.344713,117.344706,117.34472
1679665990,117.34471,117.344674,117.344711,117.344704,117.3447189
1679665991,117.344704,117.344674,117.344709,117.344702,117.3447178
1679665992,117.3447,117.344676,117.344706,117.3447,117.3447167
1679665993,117.344698,117.344673,117.344705,117.3447,117.3447156
1679665994,117.344697,117.344678,117.344703,117.3447,117.3447145
1679665995,117.344694,117.344683,117.344703,117.3447,117.3447134
1679665996,117.344694,117.344685,117.344703,117.344702,117.3447123
1679665997,117.344692,117.344688,117.344705,117.344704,117.3447112
1679665998,117.34469,117.34469,117.344703,117.344704,117.3447101
1679665999,117.34469,117.344688,117.344703,117.344702,117.344709
1679666000,117.344689,117.34469,117.344703,117.344702,117.3447079
1679666002,117.34469,117.344681,117.344695,117.344702,117.3447057
1679666003,117.344689,117.344678,117.344696,117.344701,117.3447046
1679666004,117.344687,117.344676,117.344693,117.344699,117.3447035
1679666005,117.344687,117.344676,117.34469,117.344699,117.3447024
1679666006,117.344688,117.344674,117.344688,117.344697,117.3447013
1679666007,117.344688,117.344674,117.344685,117.344695,117.3447002
1679666008,117.344686,117.344673,117.344685,117.344694,117.3446991
1679666009,117.344685,117.344673,117.344683,117.344694,117.344698
1679666010,117.344686,117.344671,117.344681,117.344692,117.3446969
1679666011,117.344685,117.344671,117.344681,117.344691,117.3446958
1679666012,117.344682,117.344673,117.344678,117.344689,117.3446947
1679666013,117.344682,117.344673,117.344678,117.344687,117.3446936
1679666014,117.344683,117.344673,117.344678,117.344686,117.3446925
1679666015,117.344683,117.344668,117.344681,117.344684,117.3446914
1679666016,117.344684,117.34466,117.34468,117.344681,117.3446903
1679666017,117.344685,117.344658,117.344676,117.34468,117.3446892
1679666018,117.344684,117.344661,117.344674,117.344681,117.3446881
1679666020,117.344683,117.34466,117.34468,117.344679,117.3446859
1679666021,117.344678,117.344658,117.34468,117.344679,117.3446848
1679666022,117.344673,117.344658,117.344676,117.344679,117.3446837
1679666023,117.344671,117.344656,117.344673,117.34468,117.3446826
1679666024,117.344668,117.344656,117.344668,117.344678,117.3446815
1679666025,117.344665,117.344655,117.344661,117.344676,117.3446804
1679666026,117.344663,117.344651,117.34466,117.344674,117.3446793
1679666027,117.344663,117.344648,117.344663,117.344673,117.3446782
1679666028,117.34466,117.344645,117.344665,117.344671,117.3446771
1679666029,117.344659,117.344643,117.344665,117.344671,117.344676
1679666030,117.344658,117.344639,117.344666,117.344668,117.3446749
1679666031,117.344657,117.344639,117.344668,117.344666,117.3446738
1679666032,117.344657,117.344641,117.344668,117.344665,117.3446727
1679666033,117.344659,117.344641,117.344668,117.344662,117.3446716
1679666034,117.344661,117.344643,117.344666,117.34466,117.3446705
1679666035,117.34466,117.344646,117.344663,117.344659,117.3446694
1679666036,117.344657,117.344648,117.344663,117.344658,117.3446683
1679666038,117.344658,117.344653,117.34466,117.34466,117.3446661
1679666039,117.344658,117.344653,117.344658,117.344661,117.344665
1679666040,117.344659,117.344651,117.344658,117.344661,117.3446639
1679666041,117.34466,117.344646,117.344656,117.34466,117.3446628
1679666042,117.344661,117.344643,117.344653,117.34466,117.3446617
1679666043,117.344663,117.344643,117.344651,117.344659,117.3446606
1679666044,117.344664,117.344639,117.344651,117.344657,117.3446595
1679666045,117.344669,117.344638,117.344651,117.344654,117.3446584
1679666046,117.344668,117.344641,117.344655,117.344654,117.3446573
1679666055,117.344657,117.344621,117.344636,117.344629,117.3446474
1679666056,117.344655,117.344619,117.344634,117.344624,117.3446463
1679666057,117.34464,117.344619,117.344628,117.34462,117.3446452
1679666058,117.344639,117.344619,117.344621,117.344616,117.3446441
1679666059,117.344633,117.344619,117.344618,117.344612,117.344643
1679666060,117.344633,117.344616,117.344616,117.344603,117.3446419
1679666061,117.344632,117.344613,117.344611,117.344595,117.3446408
1679666062,117.344628,117.344609,117.344606,117.34459,117.3446397
1679666063,117.344628,117.344606,117.344604,117.344589,117.3446386
1679666064,117.344628,117.344604,117.344603,117.344591,117.3446375
1679666065,117.344632,117.344603,117.344601,117.344592,117.3446364
1679666066,117.344634,117.344601,117.344601,117.344588,117.3446353
1679666067,117.344637,117.344599,117.344603,117.344585,117.3446342
1679666068,117.344632,117.344596,117.344599,117.344581,117.3446331
1679666069,117.344628,117.344594,117.344594,117.34458,117.344632
1679666070,117.344622,117.344593,117.344593,117.344581,117.3446309
1679666071,117.344615,117.344594,117.344593,117.344584,117.3446298
1679666072,117.34461,117.344594,117.344593,117.344585,117.3446287
1679666074,117.344608,117.344594,117.344589,117.344583,117.3446265
1679666075,117.344603,117.344596,117.344589,117.344581,117.3446254
1679666076,117.344603,117.344596,117.344588,117.344578,117.3446243
1679666077,117.344602,117.344593,117.344586,117.344577,117.3446232
1679666078,117.344602,117.344591,117.344584,117.344579,117.3446221
1679666079,117.344603,117.344593,117.344581,117.344579,117.344621
1679666080,117.344604,117.344589,117.344584,117.344578,117.3446199
1679666081,117.344607,117.344589,117.344588,117.344577,117.3446188
1679666082,117.344608,117.344589,117.344588,117.34458,117.3446177
1679666083,117.344608,117.344588,117.344586,117.344584,117.3446166
1679666084,117.344607,117.344589,117.344588,117.344588,117.3446155
1679666085,117.344606,117.344581,117.344589,117.344591,117.3446144
1679666086,117.344607,117.344578,117.344589,117.344593,117.3446133
1679666087,117.344607,117.344576,117.344594,117.344594,117.3446122
1679666088,117.344608,117.344576,117.344594,117.344595,117.3446111
1679666089,117.34461,117.344571,117.344596,117.344595,117.34461
1679666090,117.344608,117.344566,117.344593,117.344594,117.3446089
1679666092,117.344606,117.344571,117.344591,117.344591,117.3446067
1679666093,117.344599,117.344571,117.344589,117.344591,117.3446056
1679666094,117.344598,117.344562,117.344588,117.34459,117.3446045
1679666095,117.344599,117.344562,117.344586,117.344588,117.3446034
1679666096,117.344598,117.344562,117.344586,117.344588,117.3446023
1679666097,117.344597,117.344562,117.344584,117.344588,117.3446012
1679666098,117.344594,117.344562,117.344588,117.344588,117.3446001
1679666099,117.34457,117.344564,117.34455,117.344587,117.344599
1679666100,117.344586,117.344564,117.344589,117.344587,117.3445979
1679666101,117.344583,117.344564,117.344588,117.344587,117.3445968
1679666102,117.34458,117.344566,117.344586,117.344587,117.3445957
1679666103,117.344578,117.344562,117.344591,117.344587,117.3445946
1679666104,117.344574,117.344562,117.344594,117.344587,117.3445935
1679666105,117.344572,117.344566,117.344596,117.344586,117.3445924
1679666106,117.344571,117.344566,117.344598,117.344586,117.3445913
1679666107,117.344569,117.344571,117.344596,117.344581,117.3445902
1679666108,117.344566,117.344572,117.344598,117.344578,117.3445891
1679666110,117.344567,117.344572,117.344594,117.344574,117.3445869
1679666111,117.344567,117.344576,117.344593,117.344572,117.3445858
1679666112,117.344567,117.344579,117.344593,117.34457,117.3445847
1679666113,117.344568,117.344581,117.344591,117.344569,117.3445836
1679666114,117.344571,117.344576,117.344589,117.344569,117.3445825
1679666115,117.344571,117.344576,117.344586,117.344567,117.3445814
1679666116,117.344575,117.344574,117.344583,117.344567,117.3445803
1679666117,117.344575,117.344572,117.344579,117.344567,117.3445792
1679666118,117.344575,117.344574,117.344574,117.344565,117.3445781
1679666119,117.344574,117.344571,117.344574,117.344564,117.344577
1679666120,117.344571,117.344569,117.344571,117.344563,117.3445759
1679666121,117.344566,117.344567,117.344567,117.344563,117.3445748
1679666122,117.344562,117.344567,117.344564,117.344563,117.3445737
1679666123,117.344561,117.344572,117.344564,117.344563,117.3445726
1679666124,117.344556,117.344572,117.344564,117.344561,117.3445715
1679666125,117.344554,117.344571,117.344564,117.344561,117.3445704
1679666126,117.344552,117.344569,117.344559,117.34456,117.3445693
1679666128,117.344556,117.344571,117.344556,117.344559,117.3445671
1679666129,117.34456,117.344572,117.344556,117.344559,117.344566
1679666130,117.34456,117.344576,117.344557,117.344558,117.3445649
1679666131,117.344561,117.344574,117.344557,117.344559,117.3445638
1679666132,117.344562,117.344576,117.344554,117.344559,117.3445627
1679666133,117.344565,117.344572,117.344552,117.34456,117.3445616
1679666134,117.344564,117.344569,117.344552,117.344559,117.3445605
1679666135,117.344563,117.344566,117.344554,117.34456,117.3445594
1679666136,117.344564,117.344561,117.344554,117.344561,117.3445583
1679666137,117.344565,117.344554,117.344552,117.344561,117.3445572
1679666138,117.344564,117.344551,117.344549,117.34456,117.3445561
1679666139,117.344564,117.344549,117.344544,117.344561,117.344555
1679666140,117.344564,117.344551,117.344546,117.344562,117.3445539
1679666141,117.344564,117.344549,117.344547,117.344564,117.3445528
1679666142,117.344567,117.344554,117.344547,117.344565,117.3445517
1679666143,117.344571,117.344556,117.344547,117.344565,117.3445506
1679666144,117.344575,117.344556,117.344547,117.344565,117.3445495
1679666146,117.344577,117.344547,117.344549,117.344566,117.3445473
1679666147,117.34458,117.344546,117.344554,117.344568,117.3445462
1679666148,117.344579,117.344544,117.344554,117.34457,117.3445451
1679666149,117.344581,117.344544,117.344552,117.344573,117.344544
1679666150,117.344581,117.344547,117.344552,117.344575,117.344544
1679666151,117.344583,117.344549,117.344551,117.344578,117.3445449
1679666152,117.344582,117.344551,117.344554,117.344581,117.3445458
1679666153,117.34458,117.344549,117.344557,117.344584,117.3445467
1679666154,117.344581,117.344552,117.344561,117.344587,117.3445476
1679666155,117.344583,117.344556,117.344564,117.344589,117.3445485
1679666156,117.344585,117.344561,117.344566,117.344593,117.3445494
1679666157,117.344586,117.344562,117.344571,117.344595,117.3445502
1679666158,117.344587,117.344564,117.344574,117.344592,117.3445511
1679666159,117.344588,117.344566,117.344577,117.344588,117.344552
1679666160,117.344593,117.344569,117.344576,117.344582,117.3445529
1679666161,117.3446,117.344577,117.344574,117.344577,117.3445538
1679666162,117.344602,117.344577,117.344572,117.344571,117.3445547
1679666164,117.344601,117.344583,117.344567,117.344557,117.3445565
1679666165,117.34459,117.344584,117.344566,117.344552,117.3445574
1679666166,117.344578,117.344584,117.344562,117.344548,117.3445583
1679666167,117.344572,117.344579,117.344557,117.344545,117.3445592
1679666168,117.344567,117.344581,117.344556,117.344542,117.3445601
1679666169,117.344566,117.344583,117.344556,117.344541,117.3445609
1679666170,117.344565,117.344583,117.344556,117.344541,117.3445618
1679666171,117.344563,117.344581,117.344554,117.34454,117.3445627
1679666172,117.34456,117.344581,117.344552,117.34454,117.3445636
1679666173,117.344558,117.344584,117.344556,117.344541,117.3445645
1679666174,117.344552,117.344584,117.344557,117.344541,117.3445654
1679666175,117.34455,117.344583,117.344554,117.344541,117.3445663
1679666176,117.344548,117.344586,117.344551,117.34454,117.3445672
1679666177,117.344542,117.344584,117.344552,117.34454,117.3445681
1679666178,117.344542,117.344583,117.344552,117.344541,117.344569
1679666179,117.344544,117.344574,117.344549,117.344542,117.3445699
1679666180,117.344546,117.344577,117.344549,117.344542,117.3445708
1679666182,117.344548,117.344584,117.344552,117.34454,117.3445725
1679666183,117.344549,117.344586,117.344554,117.344539,117.3445734
1679666184,117.344545,117.344583,117.344552,117.344539,117.3445743
1679666185,117.344542,117.344584,117.344556,117.34454,117.3445752
1679666186,117.344541,117.344586,117.344557,117.34454,117.3445761
1679666187,117.344539,117.344586,117.344557,117.34454,117.344577
1679666188,117.34454,117.344586,117.344557,117.34454,117.3445779
1679666189,117.344542,117.344586,117.344561,117.34454,117.3445788
1679666190,117.344544,117.344577,117.344562,117.344542,117.3445797
1679666191,117.344545,117.344572,117.344562,117.344543,117.3445806
1679666192,117.344543,117.344572,117.344561,117.344545,117.3445815
1679666193,117.344543,117.344567,117.344562,117.344547,117.3445824
1679666194,117.344543,117.344562,117.344564,117.34455,117.3445832
1679666195,117.344546,117.344559,117.344564,117.344551,117.3445841
1679666196,117.34455,117.344559,117.344566,117.344551,117.344585
1679666197,117.344552,117.344561,117.344562,117.344553,117.3445859
1679666198,117.344552,117.344562,117.344564,117.344556,117.3445868
1679666200,117.344553,117.344571,117.344566,117.344561,117.3445886
1679666201,117.34455,117.344572,117.344567,117.344561,117.3445895
1679666202,117.344551,117.344577,117.344567,117.344563,117.3445904
1679666203,117.344557,117.344579,117.344569,117.344564,117.3445913
1679666204,117.344562,117.344583,117.344572,117.344564,117.3445922
1679666205,117.344562,117.344586,117.344572,117.344564,117.3445931
1679666206,117.344562,117.344586,117.344576,117.344563,117.3445939
1679666207,117.344564,117.344584,117.344574,117.344561,117.3445948
1679666208,117.344569,117.344586,117.344576,117.34456,117.3445957
1679666209,117.344569,117.344584,117.344574,117.34456,117.3445966
1679666210,117.344571,117.344581,117.344571,117.344561,117.3445975
1679666211,117.344569,117.344581,117.344572,117.344562,117.3445984
1679666212,117.344571,117.344581,117.344574,117.344562,117.3445993
1679666213,117.34457,117.344581,117.344576,117.344564,117.3446002
1679666214,117.344573,117.344577,117.344579,117.344566,117.3446011
1679666215,117.344576,117.344577,117.344581,117.344568,117.344602
1679666216,117.344577,117.344579,117.344581,117.344568,117.3446029
1679666218,117.344579,117.344581,117.344583,117.344568,117.3446046
1679666219,117.344588,117.344583,117.344584,117.344571,117.3446055
1679666220,117.344586,117.344586,117.344584,117.344572,117.3446064
1679666221,117.344583,117.344586,117.344581,117.344572,117.3446073
1679666222,117.344583,117.344588,117.344581,117.344572,117.3446082
1679666223,117.344582,117.344586,117.344579,117.344572,117.3446091
1679666224,117.344583,117.344588,117.344579,117.344572,117.34461
1679666225,117.344585,117.344593,117.344579,117.344571,117.34461
1679666226,117.344585,117.344593,117.344578,117.344569,117.3445999
1679666227,117.344585,117.344594,117.344578,117.344567,117.3445897
1679666228,117.344583,117.344598,117.344574,117.344563,117.3445796
1679666229,117.34458,117.344599,117.344573,117.34456,117.3445695
1679666230,117.344578,117.344598,117.344573,117.344556,117.3445594
1679666231,117.344573,117.344596,117.344571,117.344551,117.3445492
1679666232,117.344571,117.344594,117.344571,117.344547,117.3445391
1679666233,117.344567,117.344589,117.344569,117.344543,117.344529
1679666234,117.344561,117.344588,117.344567,117.344538,117.3445189
1679666236,117.344558,117.344588,117.344562,117.344522,117.3444986
1679666237,117.344542,117.344586,117.344557,117.344513,117.3444885
1679666238,117.344531,117.344579,117.344551,117.344504,117.3444784
1679666239,117.34452,117.344569,117.344541,117.344496,117.3444682
1679666240,117.344514,117.344557,117.344532,117.344488,117.3444581
1679666241,117.344508,117.344549,117.344526,117.34448,117.344448
1679666242,117.3445,117.344542,117.344517,117.344471,117.3444378
1679666243,117.344491,117.344532,117.344509,117.344461,117.3444277
1679666244,117.344481,117.344522,117.344497,117.344451,117.3444176
1679666245,117.344471,117.344511,117.344486,117.344439,117.3444075
1679666246,117.344465,117.344496,117.344476,117.344428,117.3443973
1679666247,117.344458,117.344484,117.344466,117.344417,117.3443872
1679666248,117.344449,117.344469,117.344454,117.344405,117.3443771
1679666249,117.344438,117.344456,117.344444,117.344393,117.344367
1679666250,117.344426,117.344446,117.344432,117.344382,117.3443568
1679666251,117.344415,117.344434,117.344424,117.344369,117.3443467
1679666252,117.344405,117.344422,117.344414,117.344356,117.3443366
1679666254,117.344397,117.344405,117.3444,117.344331,117.3443163
1679666255,117.344383,117.344402,117.344392,117.34432,117.3443062
1679666256,117.344377,117.344395,117.344382,117.344308,117.3442961
1679666257,117.344369,117.344387,117.344374,117.344297,117.3442859
1679666258,117.344361,117.34438,117.34436,117.344285,117.3442758
1679666259,117.344346,117.344379,117.344352,117.344272,117.3442657
1679666260,117.344333,117.344372,117.344342,117.34426,117.3442556
1679666261,117.344324,117.344364,117.344335,117.344248,117.3442454
1679666262,117.344314,117.344357,117.344323,117.344237,117.3442353
1679666263,117.344306,117.344348,117.344313,117.344224,117.3442252
1679666264,117.344298,117.344338,117.344303,117.344212,117.3442151
1679666265,117.344286,117.34433,117.344292,117.344201,117.3442049
1679666266,117.344274,117.344313,117.344282,117.344191,117.3441948
1679666267,117.344262,117.344299,117.344267,117.34418,117.3441847
1679666268,117.344249,117.344284,117.344255,117.344169,117.3441746
1679666269,117.344238,117.344272,117.344245,117.344158,117.3441644
1679666270,117.344227,117.344256,117.344238,117.344147,117.3441543
1679666272,117.34421,117.34424,117.344215,117.344123,117.3441341
1679666273,117.344178,117.344227,117.3442,117.34411,117.3441239
1679666274,117.344161,117.344212,117.344188,117.344098,117.3441138
1679666275,117.344148,117.3442,117.344175,117.344086,117.3441037
1679666276,117.344135,117.344186,117.344163,117.344074,117.3440935
1679666277,117.344119,117.344175,117.344151,117.344063,117.3440834
1679666278,117.344106,117.344158,117.344143,117.344051,117.3440733
1679666279,117.344092,117.344151,117.344131,117.344041,117.3440632
1679666280,117.344081,117.344143,117.34412,117.344031,117.344053
1679666281,117.344071,117.344126,117.344108,117.344021,117.3440429
1679666282,117.344062,117.344111,117.344093,117.344011,117.3440328
1679666283,117.344051,117.344098,117.344081,117.344002,117.3440227
1679666284,117.344038,117.34409,117.344076,117.343992,117.3440125
1679666285,117.344026,117.344083,117.344068,117.343982,117.3440024
1679666286,117.344014,117.344076,117.344058,117.343971,117.3439923
1679666287,117.344001,117.344066,117.344046,117.343959,117.3439822
1679666288,117.343995,117.344058,117.344034,117.343951,117.343972
1679666290,117.343985,117.344034,117.344001,117.343932,117.3439518
1679666291,117.343965,117.344024,117.343988,117.343921,117.3439416
1679666292,117.343955,117.344018,117.343976,117.343909,117.3439315
1679666293,117.343944,117.344009,117.343966,117.343895,117.3439214
1679666294,117.343931,117.343999,117.343952,117.343881,117.3439113
1679666295,117.343919,117.343991,117.343936,117.343871,117.3439011
1679666296,117.343905,117.343983,117.343917,117.34386,117.343891
1679666297,117.343893,117.343973,117.343899,117.34385,117.3438809
1679666298,117.343882,117.343962,117.343888,117.34384,117.3438708
1679666299,117.343867,117.343952,117.343877,117.34383,117.3438606
1679666300,117.343856,117.343939,117.343866,117.34382,117.3438505
1679666301,117.343845,117.343927,117.343856,117.343809,117.3438404
1679666302,117.343833,117.343916,117.343844,117.343805,117.3438303
1679666303,117.343822,117.343892,117.343834,117.343797,117.3438201
1679666304,117.34381,117.343881,117.343827,117.343794,117.34381
1679666305,117.343805,117.343872,117.343821,117.343791,117.34381
1679666306,117.343802,117.343859,117.34381,117.343789,117.3438065
1679666308,117.343799,117.343835,117.343792,117.343785,117.3437994
1679666309,117.343802,117.343824,117.343789,117.343782,117.3437958
1679666310,117.343804,117.343822,117.343787,117.343778,117.3437923
1679666311,117.343806,117.343817,117.343782,117.343774,117.3437887
1679666312,117.343806,117.343809,117.343779,117.343771,117.3437852
1679666313,117.343805,117.3438,117.343777,117.343766,117.3437816
1679666314,117.343796,117.343787,117.343777,117.343762,117.3437781
1679666315,117.343784,117.343774,117.343775,117.343759,117.3437746
1679666316,117.343776,117.343759,117.343774,117.343754,117.343771
1679666317,117.343766,117.34375,117.343768,117.343748,117.3437675
1679666318,117.343763,117.34374,117.343764,117.343746,117.3437639
1679666319,117.343756,117.343727,117.343759,117.343742,117.3437604
1679666320,117.343748,117.343714,117.343755,117.343737,117.3437568
1679666321,117.343741,117.343697,117.34375,117.343733,117.3437533
1679666322,117.343736,117.343684,117.343749,117.343734,117.3437497
1679666323,117.343733,117.34367,117.343745,117.343733,117.3437462
1679666324,117.343735,117.343662,117.343745,117.343728,117.3437427
1679666326,117.343733,117.343665,117.343737,117.343719,117.3437356
1679666327,117.343725,117.343668,117.343733,117.343714,117.343732
1679666328,117.343723,117.343668,117.343732,117.34371,117.3437285
1679666329,117.343718,117.34366,117.343729,117.343705,117.3437249
1679666330,117.343714,117.343647,117.343727,117.343703,117.3437214
1679666331,117.343712,117.34364,117.343723,117.343701,117.3437178
1679666332,117.343707,117.343628,117.343715,117.343697,117.3437143
1679666333,117.343706,117.343615,117.343708,117.343692,117.3437108
1679666334,117.343704,117.343603,117.343705,117.343689,117.3437072
1679666335,117.343703,117.343598,117.3437,117.343688,117.3437037
1679666336,117.343706,117.343597,117.343698,117.343685,117.3437001
1679666337,117.343704,117.343598,117.343698,117.343682,117.3436966
1679666338,117.343706,117.343595,117.343697,117.343678,117.343693
1679666339,117.343702,117.343602,117.343695,117.343672,117.3436895
1679666340,117.343703,117.343602,117.343692,117.343666,117.3436859
1679666341,117.3437,117.343597,117.343688,117.34366,117.3436824
1679666342,117.343698,117.343593,117.343687,117.343657,117.3436789
1679666344,117.343696,117.343592,117.343682,117.34365,117.3436718
1679666345,117.343688,117.343588,117.34368,117.343649,117.3436682
1679666346,117.343681,117.343581,117.343678,117.343644,117.3436647
1679666347,117.343678,117.343578,117.343676,117.34364,117.3436611
1679666348,117.343673,117.343575,117.343673,117.343637,117.3436576
1679666349,117.343663,117.343575,117.34367,117.343634,117.3436541
1679666350,117.34366,117.343578,117.343667,117.34363,117.3436505
1679666351,117.343656,117.34358,117.343663,117.343627,117.343647
1679666352,117.34365,117.343587,117.343662,117.343624,117.3436434
1679666353,117.343647,117.34359,117.343662,117.343621,117.3436399
1679666354,117.343644,117.343581,117.343657,117.343619,117.3436363
1679666355,117.343642,117.34358,117.343653,117.343617,117.3436328
1679666356,117.343641,117.343566,117.343648,117.343613,117.3436292
1679666357,117.343637,117.343561,117.343643,117.343608,117.3436257
1679666358,117.343633,117.343556,117.34364,117.343605,117.3436222
1679666359,117.343632,117.343551,117.343635,117.3436,117.3436186
1679666360,117.343627,117.343553,117.343628,117.343596,117.3436151
1679666362,117.343624,117.343545,117.343617,117.343589,117.343608
1679666363,117.343609,117.343535,117.343608,117.343585,117.3436044
1679666364,117.343605,117.343526,117.343605,117.343583,117.3436009
1679666365,117.343595,117.343526,117.343602,117.34358,117.3435973
1679666366,117.343589,117.343523,117.343598,117.343577,117.3435938
1679666367,117.343583,117.343518,117.343595,117.343572,117.3435903
1679666368,117.343581,117.343513,117.34359,117.343568,117.3435867
1679666369,117.343575,117.343503,117.343585,117.343565,117.3435832
1679666370,117.343569,117.343501,117.343583,117.343562,117.3435796
1679666371,117.343563,117.343495,117.34358,117.343559,117.3435761
1679666372,117.343553,117.343486,117.343576,117.343553,117.3435725
1679666373,117.343547,117.343483,117.343575,117.343549,117.343569
1679666374,117.34354,117.343479,117.34357,117.343538,117.3435654
1679666375,117.343539,117.343473,117.343565,117.343534,117.3435619
1679666376,117.343534,117.343468,117.34356,117.343533,117.3435584
1679666377,117.343529,117.343464,117.343558,117.343529,117.3435548
1679666378,117.343531,117.343459,117.343556,117.343527,117.3435513
1679666380,117.343529,117.343461,117.343553,117.343525,117.3435442
1679666381,117.343525,117.343471,117.343553,117.343523,117.3435406
1679666382,117.343528,117.343494,117.343548,117.343521,117.3435371
1679666383,117.343527,117.343499,117.343545,117.343517,117.3435335
1679666384,117.343529,117.343498,117.343541,117.343511,117.34353
1679666385,117.343528,117.343498,117.343536,117.343501,117.34353
1679666386,117.343524,117.343498,117.34353,117.343494,117.343518
1679666387,117.34352,117.343494,117.343523,117.343484,117.343506
1679666388,117.343512,117.343488,117.343515,117.343473,117.343494
1679666389,117.343502,117.343478,117.343505,117.343462,117.3434819
1679666390,117.343491,117.343466,117.343494,117.343451,117.3434699
1679666391,117.343479,117.343459,117.343483,117.34344,117.3434579
1679666392,117.343464,117.343453,117.343471,117.343429,117.3434459
1679666393,117.343452,117.343451,117.343459,117.343417,117.3434339
1679666394,117.343439,117.343443,117.343449,117.343404,117.3434219
1679666395,117.343427,117.343435,117.343439,117.343392,117.3434099
1679666396,117.343416,117.343426,117.343429,117.343381,117.3433978
1679666398,117.343404,117.343413,117.343409,117.343357,117.3433738
1679666399,117.343397,117.343406,117.343401,117.343347,117.3433618
1679666400,117.343385,117.343401,117.343389,117.343336,117.3433498
1679666401,117.343376,117.343397,117.343378,117.343324,117.3433378
1679666402,117.343363,117.343394,117.343368,117.343312,117.3433257
1679666403,117.34335,117.343386,117.343357,117.343302,117.3433137
1679666404,117.343337,117.343376,117.343344,117.34329,117.3433017
1679666405,117.343328,117.343368,117.343331,117.343276,117.3432897
1679666406,117.343319,117.343356,117.343322,117.343257,117.3432777
1679666407,117.343305,117.343344,117.343311,117.343246,117.3432657
1679666408,117.343288,117.343333,117.343297,117.343233,117.3432537
1679666409,117.34327,117.343326,117.343284,117.343221,117.3432416
1679666410,117.343251,117.343319,117.343274,117.34321,117.3432296
1679666411,117.343234,117.343312,117.343257,117.343198,117.3432176
1679666412,117.343222,117.343304,117.343242,117.343187,117.3432056
1679666413,117.343206,117.343292,117.343234,117.343178,117.3431936
1679666414,117.343193,117.343276,117.343222,117.343171,117.3431816
1679666416,117.343178,117.343255,117.343197,117.343153,117.3431575
1679666417,117.343149,117.343242,117.343182,117.343142,117.3431455
1679666418,117.343137,117.343229,117.343167,117.34313,117.3431335
1679666419,117.343127,117.343216,117.343155,117.343116,117.3431215
1679666420,117.343118,117.343206,117.343142,117.343104,117.3431095
1679666421,117.343105,117.343195,117.343127,117.343094,117.3430975
1679666422,117.343097,117.343187,117.343112,117.343084,117.3430854
1679666423,117.343088,117.343179,117.343098,117.343073,117.3430734
1679666424,117.34308,117.343167,117.343087,117.343063,117.3430614
1679666425,117.343067,117.343155,117.343075,117.34305,117.3430494
1679666426,117.343054,117.343147,117.343062,117.343037,117.3430374
1679666427,117.34304,117.343139,117.343053,117.343025,117.3430254
1679666428,117.343028,117.343127,117.34304,117.343014,117.3430134
1679666429,117.343014,117.343118,117.343028,117.343004,117.3430013
1679666430,117.343004,117.343107,117.343017,117.342993,117.3429893
1679666431,117.342993,117.343097,117.343006,117.34298,117.3429773
1679666432,117.342978,117.343082,117.342996,117.342968,117.3429653
1679666433,117.342966,117.343068,117.342978,117.342954,117.3429533
1679666435,117.342941,117.34305,117.342948,117.342922,117.3429293
1679666436,117.342929,117.343038,117.342936,117.342908,117.3429172
1679666437,117.342918,117.343027,117.34293,117.342893,117.3429052
1679666438,117.342905,117.34301,117.34292,117.342878,117.3428932
1679666439,117.342893,117.34299,117.34291,117.342861,117.3428812
1679666440,117.342881,117.342973,117.342901,117.342847,117.3428692
1679666441,117.34287,117.342963,117.34289,117.342834,117.3428572
1679666442,117.342857,117.342953,117.342874,117.342821,117.3428451
1679666443,117.342847,117.342945,117.342858,117.342808,117.3428331
1679666444,117.342836,117.342926,117.342846,117.342796,117.3428211
1679666445,117.342823,117.342913,117.342836,117.342783,117.3428091
1679666446,117.342809,117.3429,117.342826,117.34277,117.3427971
1679666447,117.342799,117.342884,117.342813,117.342759,117.3427851
1679666448,117.34279,117.342869,117.342802,117.342746,117.3427731
1679666449,117.342779,117.342863,117.342792,117.342735,117.342761
1679666450,117.342766,117.342855,117.342779,117.342726,117.342749
1679666452,117.342755,117.342828,117.342764,117.342703,117.342725
1679666453,117.342729,117.342824,117.342763,117.342687,117.342713
1679666454,117.342717,117.342811,117.342757,117.342675,117.342701
1679666455,117.342705,117.342816,117.342746,117.342665,117.342689
1679666456,117.342691,117.34281,117.342738,117.342653,117.3426769
1679666457,117.342677,117.342798,117.342722,117.342642,117.3426649
1679666458,117.342664,117.342786,117.342704,117.342631,117.3426529
1679666459,117.342657,117.342779,117.342692,117.34262,117.3426409
1679666460,117.342651,117.342774,117.342681,117.342609,117.3426289
1679666461,117.342642,117.342763,117.342671,117.342597,117.3426169
1679666462,117.342632,117.342756,117.342659,117.342585,117.3426049
1679666463,117.342625,117.342743,117.342646,117.342573,117.3425928
1679666464,117.342616,117.342728,117.342632,117.342561,117.3425808
1679666465,117.342605,117.342718,117.342622,117.34255,117.3425688
1679666466,117.342591,117.342703,117.342609,117.342538,117.3425568
1679666467,117.342578,117.342689,117.342594,117.342527,117.3425448
1679666468,117.342563,117.342671,117.342579,117.342516,117.3425328
1679666470,117.342551,117.342637,117.342554,117.342494,117.3425087
1679666471,117.342531,117.342624,117.34254,117.342482,117.3424967
1679666472,117.342522,117.342606,117.342527,117.34247,117.3424847
1679666473,117.342509,117.34258,117.342514,117.342459,117.3424727
1679666474,117.342498,117.342554,117.342497,117.34245,117.3424607
1679666475,117.342487,117.342539,117.342483,117.342439,117.3424487
1679666476,117.342477,117.342522,117.34247,117.342427,117.3424366
1679666477,117.342468,117.342512,117.34246,117.342416,117.3424246
1679666478,117.342459,117.342502,117.34245,117.342407,117.3424126
1679666479,117.342449,117.34249,117.342442,117.342398,117.3424006
1679666480,117.342437,117.34248,117.342433,117.34239,117.3423886
1679666481,117.342425,117.342463,117.342425,117.342382,117.3423766
1679666482,117.342414,117.342453,117.342415,117.342372,117.3423646
1679666483,117.342404,117.342443,117.342403,117.342361,117.3423525
1679666484,117.342393,117.34243,117.342391,117.342351,117.3423405
1679666485,117.342386,117.342422,117.342376,117.342341,117.3423285
1679666486,117.342376,117.342398,117.342367,117.342329,117.3423165
1679666488,117.342364,117.342365,117.34235,117.342306,117.3422925
1679666489,117.34234,117.342348,117.34234,117.342295,117.3422804
1679666490,117.342327,117.342332,117.342325,117.342284,117.3422684
1679666491,117.342311,117.342313,117.342313,117.342271,117.3422564
1679666492,117.342292,117.342294,117.342303,117.342258,117.3422444
1679666493,117.342277,117.342279,117.342289,117.342246,117.3422324
1679666494,117.342265,117.342263,117.342278,117.342234,117.3422204
1679666495,117.342249,117.342243,117.342266,117.34222,117.3422084
1679666496,117.342237,117.342224,117.342251,117.342207,117.3421963
1679666497,117.342223,117.342208,117.34224,117.342193,117.3421843
1679666498,117.342208,117.342201,117.342231,117.34218,117.3421723
1679666499,117.342198,117.342193,117.342216,117.342168,117.3421603
1679666500,117.342186,117.342179,117.342201,117.342156,117.3421483
1679666501,117.342177,117.342173,117.342189,117.342145,117.3421363
1679666502,117.342167,117.342161,117.342176,117.342133,117.3421243
1679666503,117.342157,117.342148,117.342159,117.342121,117.3421122
1679666504,117.342151,117.342132,117.342144,117.342108,117.3421002
1679666505,117.342138,117.342116,117.342132,117.342092,117.3420882
1679666507,117.342115,117.342091,117.342109,117.342062,117.3420642
1679666508,117.342103,117.342081,117.342099,117.342048,117.3420522
1679666509,117.342092,117.342067,117.342086,117.342032,117.3420401
1679666510,117.34208,117.342059,117.342074,117.342019,117.3420281
1679666511,117.342068,117.342049,117.342062,117.342007,117.3420161
1679666512,117.342055,117.342042,117.342049,117.341996,117.3420041
1679666513,117.342044,117.342031,117.342037,117.341985,117.3419921
1679666514,117.342031,117.342024,117.342027,117.341973,117.3419801
1679666515,117.342017,117.342016,117.342017,117.341961,117.3419681
1679666516,117.342003,117.342007,117.342007,117.34195,117.341956
1679666517,117.341989,117.341997,117.341997,117.341938,117.341944
1679666518,117.341978,117.34199,117.341985,117.341929,117.341932
1679666519,117.34197,117.341985,117.341967,117.341922,117.34192
